event_date,event_type,fiscal_period,source_id,marker_refs,topic,metric_or_claim,evidence_class,model_treatment
2026-04-30,earnings_call,2026Q1,S29,T0003-T0004,"Q1 performance","Net sales $1.517bn, +11%; organic +8%; Utility Grid Infrastructure and Electrical Solutions double-digit organic growth","management_claim","Use as current operating signal; do not replace audited statements"
2026-04-30,earnings_call,2026Q1,S29,T0003,"765 kV opportunity","Management estimates approximately $1.5bn addressable market over ten years and describes early project wins/capacity investment","forward_looking_claim","Scenario/option only; no direct capitalization"
2026-07-14,earnings_call,2026Q2,S30,T0004,"Q2 performance and guidance","Net sales $1.712bn, +15%; organic +10%; Utility +6% organic; Electrical +18% organic; FY2026 sales growth guide +16%-18%","management_claim","Cross-check against S06/S20; not a realized FY2026 outcome"
2026-07-14,earnings_call,2026Q2,S30,T0004,"Electrical/data center","Electrical sales $686m, +25%; data center sales approximately +65%; NSI contributed $35m for partial June","management_claim","Supports segment analysis; no product-level margin allocation"
2026-07-14,earnings_call,2026Q2,S30,T0004,"Utility visibility","Utility sales $1.026bn, +10%; Grid Automation returned to YoY growth; H1 book-to-bill approximately 1.2x","management_claim","Supports visibility, not equivalent to firm backlog or revenue"
2026-07-14,earnings_call,2026Q2,S30,T0003-T0004,"NSI integration and leverage","NSI expected EPS accretion $0.20 in 2026 and $0.80 in 2027; sales synergies 2%-3%; cost synergies 3%-5%; pro forma leverage approximately 2.9x","forward_looking_claim","Do not pre-capitalize synergies; track debt paydown and cash conversion"
2026-06-09,conference,not_applicable,S31,T0022-T0023,"Data center exposure","Management estimates about 10% of Electrical revenue from data centers and about 10% of NSI revenue related to data centers","management_claim","Exposure anchor only; SEC product/customer split remains unavailable"
2026-06-09,conference,not_applicable,S31,T0024-T0025,"BTM and grid indirect","Self-generation still requires substations; fully off-grid configuration would reduce interconnection content; management expects eventual interconnection for most operators","management_claim","Mechanism evidence; no incremental revenue assumption"
2026-06-09,conference,not_applicable,S31,T0030-T0031,"765 kV commercialization","First larger-scale 765 kV award described; initial shipments expected early 2027; 345 kV off-ramps/substations required","forward_looking_claim","Early order validation; no contract value or margin modeled"
