as_of,business_area,product_family,product,wafer_size,conductivity_type,technical_specs,applications,customer_or_market,company_claim,verification_status,source_url
2026-07-31,SiC substrate,4H conductive SiC single-crystal substrate,6-inch conductive substrate,6 inch,n-type,"diameter 150.0 mm +0/-0.2 mm; thickness 350.0 um +/-25.0 um; 4H; 4 degree off-axis","SiC epitaxy; Schottky diode; MOSFET; IGBT; EV; photovoltaic; wind power",global power semiconductor customers,"6-inch products stably delivered to global mass-production customers",official product page; delivery claim company-reported,https://www.sicc.cc/product1.html
2026-07-31,SiC substrate,4H conductive SiC single-crystal substrate,8-inch conductive substrate,8 inch,n-type,"diameter 200.0 mm +0/-0.5 mm; thickness 350/500.0 um +/-25.0 um; 4H; 4 degree off-axis","SiC power devices; EV; photovoltaic; wind power; rail transit; power transmission",global mass-production customers,"8-inch conductive substrate has achieved batch supply and overseas customer batch sales",official product page; supply claim company-reported,https://www.sicc.cc/product1.html
2026-07-31,SiC substrate,4H conductive SiC single-crystal substrate,12-inch conductive substrate,12 inch,n-type,"diameter 300.0 mm +0/-0.5 mm; thickness 750.0 um +/-25.0 um; 4H; 4 degree off-axis","large-area power semiconductor manufacturing; EV; photovoltaic; power electronics",core customers / strategic product,"company states it has production capability and has supplied 12-inch products to core customers",official product page; customer supply claim company-reported,https://www.sicc.cc/product1.html
2026-07-31,SiC substrate,4H semi-insulating SiC single-crystal substrate,6-inch semi-insulating substrate,6 inch,semi-insulating,"diameter 150.0 mm +0/-0.2 mm; thickness 500.0 um +/-25.0 um; {0001}; semi-insulating","GaN epitaxy; HEMT; microwave/RF; 5G base stations; thermal management",RF and power electronics customers,"used for GaN heteroepitaxy and microwave/RF devices",official product page; commercial scale not disclosed,https://www.sicc.cc/product2.html
2026-07-31,SiC substrate,4H semi-insulating SiC single-crystal substrate,8-inch semi-insulating substrate,8 inch,semi-insulating,"diameter 200.0 mm +0/-0.5 mm; thickness 500.0 um +/-25.0 um; {0001}; semi-insulating","GaN epitaxy; HEMT; microwave/RF; 5G base stations; thermal management",RF and power electronics customers,"used for GaN heteroepitaxy and microwave/RF devices",official product page; commercial scale not disclosed,https://www.sicc.cc/product2.html
2026-07-31,SiC substrate,4H semi-insulating SiC single-crystal substrate,12-inch semi-insulating substrate,12 inch,semi-insulating,"diameter 300.0 mm +0/-0.5 mm; thickness 750.0 um +/-25.0 um; {0001}; semi-insulating","AR optical waveguides; wearable optics; GaN RF; thermal management","AR optics and RF customers; strategic new application","company positions 12-inch semi-insulating substrate for AR glasses and optical/wearable electronics",official product page; application and customer claims company-reported,https://www.sicc.cc/product2.html
2026-07-31,SiC substrate,4H P-type SiC single-crystal substrate,6-inch P-type substrate,6 inch,p-type,"diameter 150.0 mm +0/-0.2 mm; thickness 350.0 um +/-25.0 um; 4 degree off-axis <1120>; p-type","SiC IGBT; smart grid; rail transit; high-power industrial supply",high-voltage power device customers,"for high-voltage and ultra-high-voltage power semiconductor applications",official product page; customer scale not disclosed,https://www.sicc.cc/product2026.html
2026-07-31,SiC substrate,4H P-type SiC single-crystal substrate,8-inch P-type substrate,8 inch,p-type,"diameter 200.0 mm +0/-0.2 mm; thickness 350.0 um +/-25.0 um; 4 degree off-axis <1120>; p-type","SiC IGBT; smart grid; rail transit; high-power industrial supply",high-voltage power device customers,"company states it has delivered high-quality low-resistance P-type substrates",product page plus company news; delivery claim company-reported,https://www.sicc.cc/product2026.html
2026-07-31,SiC substrate,4H P-type SiC single-crystal substrate,12-inch P-type substrate,12 inch,p-type,"diameter 300.0 mm +0/-0.5 mm; thickness 750.0 um +/-25.0 um; 4 degree off-axis <1120>; p-type","SiC IGBT; smart grid; rail transit; AI energy management; high-voltage power","strategic large-size product; high-voltage power device ecosystem","company states it achieved 12-inch P-type layout and continues liquid-phase high-quality P-type development",official product page; scale and yield not disclosed,https://www.sicc.cc/product2026.html
